{
  "shape": [
    58,
    4096
  ],
  "mean": 0.005816375836730003,
  "std": 1.8700579404830933,
  "min": -31.23358917236328,
  "max": 35.75483322143555,
  "sum": 1381.7847900390625,
  "token0_first16": [
    10.678284,
    3.640625,
    -2.052017,
    11.798309,
    -18.49292,
    -5.187012,
    -12.216003,
    -1.441528,
    12.283875,
    8.174904,
    12.392937,
    7.463379,
    -9.373291,
    -6.055885,
    -1.161377,
    -9.429169
  ],
  "token0_last16": [
    -0.048813,
    -7.436493,
    17.134628,
    -0.97821,
    -6.688782,
    4.662521,
    10.68988,
    -3.007202,
    12.851196,
    10.509766,
    -7.387909,
    -4.531067,
    1.574646,
    -19.76413,
    10.422119,
    1.763836
  ],
  "fa": "auto",
  "lib_dir": "/Users/waleedabuujaish/Desktop/vtp/llama.cpp/build-prune/bin",
  "pruned_abi": true,
  "visual_keep": 0.1,
  "visual_prune_method": "cls"
}