{
  "shape": [
    576,
    4096
  ],
  "mean": -0.0037574651651084423,
  "std": 1.0603315830230713,
  "min": -30.81366729736328,
  "max": 35.14155197143555,
  "sum": -8864.97265625,
  "token0_first16": [
    0.231796,
    -0.071098,
    0.033768,
    -0.054718,
    -0.631607,
    -0.014893,
    -0.137817,
    0.697601,
    -0.385612,
    -0.212746,
    -0.435089,
    1.216003,
    0.045959,
    0.017311,
    -0.884094,
    -0.281097
  ],
  "token0_last16": [
    0.120983,
    -0.471886,
    -0.055649,
    -0.147064,
    0.479019,
    -0.757309,
    0.086578,
    -0.065247,
    0.207428,
    -0.224962,
    0.171082,
    0.09552,
    -0.476547,
    -0.170349,
    0.905731,
    -0.210255
  ],
  "fa": "auto",
  "lib_dir": "/Users/waleedabuujaish/Desktop/vtp/llama.cpp/build-prune/bin",
  "pruned_abi": true,
  "visual_keep": 1.0,
  "visual_prune_method": "cls"
}