{
  "shape": [
    58,
    4096
  ],
  "mean": 0.008863531053066254,
  "std": 2.273681163787842,
  "min": -35.056827545166016,
  "max": 39.97748947143555,
  "sum": 2105.69140625,
  "token0_first16": [
    0.088058,
    0.201675,
    -0.822464,
    0.483643,
    -0.220421,
    0.297791,
    0.222944,
    0.456997,
    -0.285355,
    -0.681877,
    0.506371,
    0.401077,
    0.102547,
    0.149864,
    -0.305298,
    0.445892
  ],
  "token0_last16": [
    -0.390152,
    -0.143684,
    0.708786,
    -0.21875,
    -0.539856,
    -0.21521,
    -0.406647,
    0.38446,
    0.359787,
    -0.007202,
    -0.164368,
    0.165176,
    -0.421539,
    0.273399,
    -0.173149,
    -0.19817
  ],
  "fa": "auto",
  "lib_dir": "/Users/waleedabuujaish/Desktop/vtp/llama.cpp/build-prune/bin",
  "pruned_abi": true,
  "visual_keep": 0.1,
  "visual_prune_method": "cls"
}