{
  "shape": [
    58,
    4096
  ],
  "mean": 0.007722282782196999,
  "std": 2.069301128387451,
  "min": -35.01874542236328,
  "max": 40.09467697143555,
  "sum": 1834.5672607421875,
  "token0_first16": [
    12.188538,
    4.335449,
    -2.464127,
    13.099823,
    -20.531006,
    -5.799194,
    -14.036316,
    -1.671448,
    13.810242,
    9.251564,
    13.994011,
    8.219727,
    -10.467529,
    -6.655861,
    -1.401733,
    -10.216644
  ],
  "token0_last16": [
    -0.461349,
    -8.645538,
    18.799667,
    -1.239807,
    -8.091614,
    5.408615,
    11.548035,
    -3.345825,
    14.446411,
    11.496948,
    -7.703094,
    -4.777771,
    1.977356,
    -22.992645,
    11.141235,
    1.825603
  ],
  "fa": "auto",
  "lib_dir": "/Users/waleedabuujaish/Desktop/vtp/llama.cpp/build-prune/bin",
  "pruned_abi": true,
  "visual_keep": 0.1,
  "visual_prune_method": "cls"
}