{
  "shape": [
    144,
    4096
  ],
  "mean": 0.0016716087702661753,
  "std": 1.2254986763000488,
  "min": -31.23358917236328,
  "max": 35.75483322143555,
  "sum": 985.9549560546875,
  "token0_first16": [
    -0.148239,
    0.609131,
    -0.014984,
    0.465195,
    -0.345993,
    -0.096558,
    0.300751,
    0.181732,
    -0.2229,
    -0.459381,
    -0.440559,
    -0.0895,
    0.042557,
    -0.525665,
    -0.385986,
    -0.374374
  ],
  "token0_last16": [
    0.059769,
    -0.931641,
    -0.087212,
    -0.28511,
    -0.054642,
    -0.75145,
    0.244564,
    0.518555,
    1.026489,
    -0.727814,
    -0.041275,
    0.306087,
    -0.196503,
    -0.003494,
    0.379089,
    0.368633
  ],
  "fa": "auto",
  "lib_dir": "/Users/waleedabuujaish/Desktop/vtp/llama.cpp/build-prune/bin",
  "pruned_abi": true,
  "visual_keep": 0.25,
  "visual_prune_method": "cls"
}