{
  "shape": [
    58,
    4096
  ],
  "mean": 0.009894592687487602,
  "std": 1.9770233631134033,
  "min": -30.81366729736328,
  "max": 35.14155197143555,
  "sum": 2350.638671875,
  "token0_first16": [
    0.543869,
    0.774963,
    -0.053787,
    0.447876,
    0.47818,
    0.583832,
    -0.667038,
    -0.219193,
    0.140625,
    0.174644,
    -0.349861,
    0.275604,
    -0.362167,
    -0.216034,
    -0.154892,
    0.48307
  ],
  "token0_last16": [
    -0.313797,
    -0.738815,
    -0.414352,
    0.18531,
    0.402771,
    -0.60453,
    -0.273468,
    0.417862,
    0.252045,
    -0.299072,
    0.509201,
    -0.836823,
    -0.400375,
    0.263702,
    0.885406,
    -0.022251
  ],
  "fa": "auto",
  "lib_dir": "/Users/waleedabuujaish/Desktop/vtp/llama.cpp/build-prune/bin",
  "pruned_abi": true,
  "visual_keep": 0.1,
  "visual_prune_method": "cls"
}