{
  "shape": [
    288,
    4096
  ],
  "mean": 0.00037253258051350713,
  "std": 0.9101214408874512,
  "min": -31.23358917236328,
  "max": 35.75483322143555,
  "sum": 439.4573059082031,
  "token0_first16": [
    -0.256104,
    0.279541,
    0.265228,
    -0.477875,
    -0.135681,
    -0.067513,
    0.245567,
    -0.059319,
    0.050949,
    -0.288773,
    -0.380745,
    -0.153992,
    -0.640717,
    -0.324669,
    -0.253555,
    -0.320816
  ],
  "token0_last16": [
    -0.28389,
    -0.128098,
    -0.283325,
    0.103325,
    0.182816,
    -0.073669,
    -0.258026,
    0.32254,
    0.497093,
    0.051018,
    0.645271,
    0.037655,
    -0.502594,
    0.022552,
    -0.011642,
    -0.122288
  ],
  "fa": "auto",
  "lib_dir": "/Users/waleedabuujaish/Desktop/vtp/llama.cpp/build-prune/bin",
  "pruned_abi": true,
  "visual_keep": 0.5,
  "visual_prune_method": "cls"
}