{
  "shape": [
    144,
    4096
  ],
  "mean": 0.0019837042782455683,
  "std": 1.3492621183395386,
  "min": -35.01874542236328,
  "max": 40.09467697143555,
  "sum": 1170.036376953125,
  "token0_first16": [
    -0.091217,
    -0.369507,
    -0.689316,
    -0.290688,
    -1.278641,
    -0.083557,
    0.277115,
    0.242401,
    -0.137405,
    -0.346779,
    0.340294,
    0.694214,
    -0.443176,
    -0.389977,
    -0.361176,
    -0.011673
  ],
  "token0_last16": [
    -0.047134,
    -0.305542,
    0.230194,
    0.328705,
    0.178879,
    -0.265244,
    0.131989,
    -0.094009,
    0.903412,
    0.284576,
    0.3097,
    -0.125008,
    -0.679077,
    -0.418777,
    0.430748,
    -0.624638
  ],
  "fa": "auto",
  "lib_dir": "/Users/waleedabuujaish/Desktop/vtp/llama.cpp/build-prune/bin",
  "pruned_abi": true,
  "visual_keep": 0.25,
  "visual_prune_method": "cls"
}