{
  "shape": [
    144,
    4096
  ],
  "mean": 0.0019451638218015432,
  "std": 1.298331618309021,
  "min": -30.81366729736328,
  "max": 35.14155197143555,
  "sum": 1147.3043212890625,
  "token0_first16": [
    -0.001495,
    0.157166,
    -1.276199,
    0.156586,
    -0.562958,
    -0.147629,
    0.664032,
    0.567078,
    -0.420395,
    -0.098747,
    0.208595,
    -0.04805,
    -0.907455,
    -0.56443,
    -0.443573,
    -0.259598
  ],
  "token0_last16": [
    -0.224472,
    -0.536102,
    -0.003326,
    0.255844,
    0.498024,
    -1.005386,
    -0.331505,
    0.269089,
    0.480511,
    -0.300232,
    0.534409,
    0.066666,
    -0.488358,
    -0.235092,
    0.378662,
    -0.417713
  ],
  "fa": "auto",
  "lib_dir": "/Users/waleedabuujaish/Desktop/vtp/llama.cpp/build-prune/bin",
  "pruned_abi": true,
  "visual_keep": 0.25,
  "visual_prune_method": "cls"
}