{
  "shape": [
    576,
    4096
  ],
  "mean": -0.0036634141579270363,
  "std": 1.1530802249908447,
  "min": -35.056827545166016,
  "max": 39.97748947143555,
  "sum": -8643.078125,
  "token0_first16": [
    0.201736,
    -0.334763,
    -0.561478,
    -0.932434,
    -1.880249,
    0.364182,
    0.143753,
    0.087646,
    -0.689514,
    -0.400658,
    0.302742,
    0.653381,
    -0.104431,
    -0.425468,
    -1.014816,
    -0.171799
  ],
  "token0_last16": [
    0.467911,
    0.293488,
    0.808762,
    0.797668,
    0.122639,
    -0.418686,
    -0.03936,
    -0.845947,
    0.874146,
    0.808228,
    0.270878,
    -0.31649,
    -1.317322,
    -0.476822,
    1.18396,
    -0.676563
  ],
  "fa": "auto",
  "lib_dir": "/Users/waleedabuujaish/Desktop/vtp/llama.cpp/build-prune/bin",
  "pruned_abi": true,
  "visual_keep": 1.0,
  "visual_prune_method": "cls"
}