{
  "textvqa_000.png": {
    "score_min": 9.974052773031872e-06,
    "score_max": 0.07038377225399017,
    "score_entropy_bits": 6.744004726409912,
    "top10pct_mass": 0.7368635535240173
  },
  "textvqa_001.png": {
    "score_min": 7.803992048138753e-06,
    "score_max": 0.12453150004148483,
    "score_entropy_bits": 5.861453056335449,
    "top10pct_mass": 0.8408569693565369
  },
  "textvqa_002.png": {
    "score_min": 9.139618668996263e-06,
    "score_max": 0.03773273900151253,
    "score_entropy_bits": 7.367283821105957,
    "top10pct_mass": 0.6468082666397095
  }
}