{
  "shape": [
    576,
    4096
  ],
  "mean": -0.0014053022023290396,
  "std": 0.9725086092948914,
  "min": -30.15546417236328,
  "max": 34.56342697143555,
  "sum": -3315.52392578125,
  "token0_first16": [
    0.170959,
    0.285645,
    -0.939713,
    -0.926544,
    -1.219482,
    0.121948,
    0.228455,
    0.067627,
    -0.358704,
    -0.256493,
    0.100456,
    0.544922,
    0.049194,
    -0.407082,
    -0.687866,
    -0.797821
  ],
  "token0_last16": [
    0.127274,
    -0.018944,
    0.450058,
    0.331726,
    -0.142395,
    -0.91243,
    0.064331,
    -0.714478,
    0.889282,
    0.085693,
    0.890656,
    -0.153015,
    -0.753601,
    -0.481171,
    0.755005,
    -0.694416
  ],
  "fa": "auto",
  "lib_dir": "/kaggle/working/llama.cpp-prune/build/bin",
  "pruned_abi": true,
  "visual_keep": 1.0,
  "visual_prune_method": "cls",
  "n_gpu_layers": 999
}