{
  "shape": [
    576,
    4096
  ],
  "mean": -0.0014208503998816013,
  "std": 0.979454755783081,
  "min": -30.47382354736328,
  "max": 34.79584884643555,
  "sum": -3352.20654296875,
  "token0_first16": [
    0.197632,
    0.289711,
    -0.929184,
    -0.954773,
    -1.2854,
    0.130783,
    0.251633,
    0.062592,
    -0.354404,
    -0.278133,
    0.114281,
    0.53299,
    0.06546,
    -0.448273,
    -0.700348,
    -0.797913
  ],
  "token0_last16": [
    0.146824,
    0.033234,
    0.463715,
    0.362381,
    -0.133163,
    -0.900726,
    0.029205,
    -0.736053,
    0.879913,
    0.09938,
    0.894257,
    -0.147186,
    -0.782852,
    -0.493088,
    0.754379,
    -0.711597
  ],
  "fa": "auto",
  "lib_dir": "/Users/waleedabuujaish/Desktop/vtp/llama.cpp/build-prune/bin",
  "pruned_abi": true,
  "visual_keep": 1.0,
  "visual_prune_method": "cls"
}