{
  "tag": "p1_bugverify_fa_auto",
  "cpp_dump": "/private/tmp/claude-501/-Users-waleedabuujaish-Desktop-vtp-vision-tokens/ddce7e78-e25a-4d08-abc8-c01f654390fe/scratchpad/e_cpp_auto.npy",
  "image_sha256": "e42c7ea7c89d69541a7ab27ebdcf75272790529be5e59c759150a17021e561c0",
  "per_variant": {
    "bothbugs": {
      "mean": 0.9981836507580195,
      "median": 0.9999849369934485,
      "min": 0.5418339575886539,
      "max": 0.9999999199984573,
      "frac_gt_0.999": 0.953125,
      "frac_gt_0.99": 0.984375
    },
    "clsbug": {
      "mean": 0.9487519152019518,
      "median": 0.947539782147193,
      "min": 0.6033010744565377,
      "max": 0.9998345320301443,
      "frac_gt_0.999": 0.006944444444444444,
      "frac_gt_0.99": 0.2065972222222222
    },
    "correct": {
      "mean": 0.501040790151668,
      "median": 0.46503863551200564,
      "min": -0.13777072960635464,
      "max": 0.9959160072845348,
      "frac_gt_0.999": 0.0,
      "frac_gt_0.99": 0.0920138888888889
    },
    "layerbug": {
      "mean": 0.504671567116478,
      "median": 0.46559938239893195,
      "min": -0.1060624115433766,
      "max": 0.9997760387205783,
      "frac_gt_0.999": 0.057291666666666664,
      "frac_gt_0.99": 0.10069444444444445
    }
  },
  "diagnostics": {
    "shift_test": {
      "cos_cpp_i_vs_correct_i": {
        "mean": 0.501973932785979,
        "median": 0.4688757211779171,
        "min": -0.13777072960635464,
        "max": 0.9959160072845348,
        "frac_gt_0.999": 0.0,
        "frac_gt_0.99": 0.09217391304347826
      },
      "cos_cpp_i_vs_correct_i+1": {
        "mean": 0.7982341513438008,
        "median": 0.9122588575774385,
        "min": -0.2831118828862942,
        "max": 0.9997780273924344,
        "frac_gt_0.999": 0.0017391304347826088,
        "frac_gt_0.99": 0.15130434782608695
      },
      "shifted_wins_frac": 0.8347826086956521
    },
    "cls_row_cos_vs_clsbug": 0.9166417841766356,
    "cls_row_cos_vs_bothbugs": 0.9999966846380594,
    "cls_row_cos_vs_correct_patch575": -0.03551622457712607
  },
  "extra": {
    "fa": "auto",
    "dump": "ctypes libmtmd, commit e8f19cc0"
  },
  "verdict": {
    "best_matching_variant": "bothbugs",
    "best_mean_cos": 0.9981836507580195,
    "second_best_variant": "clsbug",
    "second_best_mean_cos": 0.9487519152019518,
    "margin": 0.049431735556067724,
    "hypothesis_matched": true,
    "layer_bug_confirmed": true,
    "cls_bug_confirmed": true,
    "note": null
  }
}