{
  "tag": "p1_bugverify_fa_off",
  "cpp_dump": "/private/tmp/claude-501/-Users-waleedabuujaish-Desktop-vtp-vision-tokens/ddce7e78-e25a-4d08-abc8-c01f654390fe/scratchpad/e_cpp_faoff.npy",
  "image_sha256": "e42c7ea7c89d69541a7ab27ebdcf75272790529be5e59c759150a17021e561c0",
  "per_variant": {
    "bothbugs": {
      "mean": 0.998421013792893,
      "median": 0.9999861308064709,
      "min": 0.6461980952344536,
      "max": 0.9999998174419256,
      "frac_gt_0.999": 0.9565972222222222,
      "frac_gt_0.99": 0.9826388888888888
    },
    "clsbug": {
      "mean": 0.9489919950514718,
      "median": 0.9477680580398047,
      "min": 0.7038360318746812,
      "max": 0.9998327791272206,
      "frac_gt_0.999": 0.006944444444444444,
      "frac_gt_0.99": 0.2065972222222222
    },
    "correct": {
      "mean": 0.5011614376477911,
      "median": 0.4647812442054179,
      "min": -0.13798899201359413,
      "max": 0.9959385242162845,
      "frac_gt_0.999": 0.0,
      "frac_gt_0.99": 0.0920138888888889
    },
    "layerbug": {
      "mean": 0.5047834665903017,
      "median": 0.46505953110080933,
      "min": -0.10680724780269893,
      "max": 0.9997737474712809,
      "frac_gt_0.999": 0.057291666666666664,
      "frac_gt_0.99": 0.10069444444444445
    }
  },
  "diagnostics": {
    "shift_test": {
      "cos_cpp_i_vs_correct_i": {
        "mean": 0.502095300249552,
        "median": 0.4697053873914311,
        "min": -0.13798899201359413,
        "max": 0.9959385242162845,
        "frac_gt_0.999": 0.0,
        "frac_gt_0.99": 0.09217391304347826
      },
      "cos_cpp_i_vs_correct_i+1": {
        "mean": 0.7982828389276143,
        "median": 0.9120276676021811,
        "min": -0.2838951880193741,
        "max": 0.9997810008525057,
        "frac_gt_0.999": 0.0017391304347826088,
        "frac_gt_0.99": 0.15130434782608695
      },
      "shifted_wins_frac": 0.8347826086956521
    },
    "cls_row_cos_vs_clsbug": 0.9164432080576884,
    "cls_row_cos_vs_bothbugs": 0.9999974559592786,
    "cls_row_cos_vs_correct_patch575": -0.035809558364746114
  },
  "extra": {
    "fa": "off",
    "dump": "ctypes libmtmd, commit e8f19cc0"
  },
  "verdict": {
    "best_matching_variant": "bothbugs",
    "best_mean_cos": 0.998421013792893,
    "second_best_variant": "clsbug",
    "second_best_mean_cos": 0.9489919950514718,
    "margin": 0.04942901874142125,
    "hypothesis_matched": true,
    "layer_bug_confirmed": true,
    "cls_bug_confirmed": true,
    "note": null
  }
}