{
  "tag": "p2_fixverify_fixB",
  "cpp_dump": "/private/tmp/claude-501/-Users-waleedabuujaish-Desktop-vtp-vision-tokens/ddce7e78-e25a-4d08-abc8-c01f654390fe/scratchpad/e_cpp_fixB.npy",
  "image_sha256": "e42c7ea7c89d69541a7ab27ebdcf75272790529be5e59c759150a17021e561c0",
  "per_variant": {
    "bothbugs": {
      "mean": 0.9488270615239721,
      "median": 0.9474744619107001,
      "min": 0.5039643056126695,
      "max": 0.9998201822949363,
      "frac_gt_0.999": 0.006944444444444444,
      "frac_gt_0.99": 0.21006944444444445
    },
    "clsbug": {
      "mean": 0.9985917949914934,
      "median": 0.9999818447869132,
      "min": 0.580725126123581,
      "max": 0.9999998608196586,
      "frac_gt_0.999": 0.953125,
      "frac_gt_0.99": 0.984375
    },
    "correct": {
      "mean": 0.5389884183478577,
      "median": 0.5133103776125673,
      "min": -0.08741045664120914,
      "max": 0.9997446625948916,
      "frac_gt_0.999": 0.05555555555555555,
      "frac_gt_0.99": 0.09722222222222222
    },
    "layerbug": {
      "mean": 0.5049785627381246,
      "median": 0.47934357420691753,
      "min": -0.09310953097006541,
      "max": 0.9938340650588319,
      "frac_gt_0.999": 0.0,
      "frac_gt_0.99": 0.08506944444444445
    }
  },
  "diagnostics": {
    "shift_test": {
      "cos_cpp_i_vs_correct_i": {
        "mean": 0.539928184930204,
        "median": 0.5135736946669056,
        "min": -0.08741045664120914,
        "max": 0.9997446625948916,
        "frac_gt_0.999": 0.05565217391304348,
        "frac_gt_0.99": 0.09739130434782609
      },
      "cos_cpp_i_vs_correct_i+1": {
        "mean": 0.8427441342039869,
        "median": 0.9751207632078097,
        "min": -0.2388157655975733,
        "max": 0.9998936382875936,
        "frac_gt_0.999": 0.11304347826086956,
        "frac_gt_0.99": 0.23652173913043478
      },
      "shifted_wins_frac": 0.8556521739130435
    },
    "cls_row_cos_vs_clsbug": 0.9999951551481457,
    "cls_row_cos_vs_bothbugs": 0.9165533214446697,
    "cls_row_cos_vs_correct_patch575": -0.001377366501243693
  },
  "extra": {
    "branch": "mtmd-fix-llava-layer-count",
    "commit": "f104a5d38",
    "build_dir": "build-fixB",
    "fa": "auto"
  },
  "verdict": {
    "best_matching_variant": "clsbug",
    "best_mean_cos": 0.9985917949914934,
    "second_best_variant": "bothbugs",
    "second_best_mean_cos": 0.9488270615239721,
    "margin": 0.049764733467521305,
    "hypothesis_matched": true,
    "layer_bug_confirmed": false,
    "cls_bug_confirmed": true,
    "note": null
  }
}