{
  "tag": "p2_fixverify_both",
  "cpp_dump": "/private/tmp/claude-501/-Users-waleedabuujaish-Desktop-vtp-vision-tokens/ddce7e78-e25a-4d08-abc8-c01f654390fe/scratchpad/e_cpp_both.npy",
  "image_sha256": "e42c7ea7c89d69541a7ab27ebdcf75272790529be5e59c759150a17021e561c0",
  "per_variant": {
    "bothbugs": {
      "mean": 0.500929936165857,
      "median": 0.4697533177998019,
      "min": -0.14214862987539653,
      "max": 0.995928929543014,
      "frac_gt_0.999": 0.0,
      "frac_gt_0.99": 0.0954861111111111
    },
    "clsbug": {
      "mean": 0.5388394158596134,
      "median": 0.5130917154240077,
      "min": -0.08719649302607449,
      "max": 0.9996708094334503,
      "frac_gt_0.999": 0.03993055555555555,
      "frac_gt_0.99": 0.0954861111111111
    },
    "correct": {
      "mean": 0.9964882772225567,
      "median": 0.9999604653087311,
      "min": 0.26582140489352885,
      "max": 0.9999997462107446,
      "frac_gt_0.999": 0.9444444444444444,
      "frac_gt_0.99": 0.9774305555555556
    },
    "layerbug": {
      "mean": 0.9474841908310339,
      "median": 0.9485808756074219,
      "min": 0.20446909389615217,
      "max": 0.9998473450302262,
      "frac_gt_0.999": 0.006944444444444444,
      "frac_gt_0.99": 0.2152777777777778
    }
  },
  "diagnostics": {
    "shift_test": {
      "cos_cpp_i_vs_correct_i": {
        "mean": 0.9964822428473733,
        "median": 0.9999606653141155,
        "min": 0.26582140489352885,
        "max": 0.9999997462107446,
        "frac_gt_0.999": 0.9443478260869566,
        "frac_gt_0.99": 0.9773913043478261
      },
      "cos_cpp_i_vs_correct_i+1": {
        "mean": 0.531563681777565,
        "median": 0.4883370521704932,
        "min": -0.25563101199398724,
        "max": 0.9999456057743163,
        "frac_gt_0.999": 0.059130434782608696,
        "frac_gt_0.99": 0.08869565217391304
      },
      "shifted_wins_frac": 0.0
    },
    "cls_row_cos_vs_clsbug": -0.0019150932355869665,
    "cls_row_cos_vs_bothbugs": -0.035858202232414864,
    "cls_row_cos_vs_correct_patch575": 0.9999580429529447
  },
  "extra": {
    "branch": "local-test-both",
    "commit": "5b9058635",
    "build_dir": "build-both",
    "fa": "auto"
  },
  "verdict": {
    "best_matching_variant": "correct",
    "best_mean_cos": 0.9964882772225567,
    "second_best_variant": "layerbug",
    "second_best_mean_cos": 0.9474841908310339,
    "margin": 0.04900408639152287,
    "hypothesis_matched": true,
    "layer_bug_confirmed": false,
    "cls_bug_confirmed": false,
    "note": null
  }
}