{
  "tag": "p2_fixverify_fixA",
  "cpp_dump": "/private/tmp/claude-501/-Users-waleedabuujaish-Desktop-vtp-vision-tokens/ddce7e78-e25a-4d08-abc8-c01f654390fe/scratchpad/e_cpp_fixA.npy",
  "image_sha256": "e42c7ea7c89d69541a7ab27ebdcf75272790529be5e59c759150a17021e561c0",
  "per_variant": {
    "bothbugs": {
      "mean": 0.5046376601946201,
      "median": 0.46968782356368777,
      "min": -0.11992314839996965,
      "max": 0.9997056121872583,
      "frac_gt_0.999": 0.046875,
      "frac_gt_0.99": 0.09895833333333333
    },
    "clsbug": {
      "mean": 0.5047459849048503,
      "median": 0.48049302105431785,
      "min": -0.09262503049847036,
      "max": 0.9934042073766561,
      "frac_gt_0.999": 0.0,
      "frac_gt_0.99": 0.0798611111111111
    },
    "correct": {
      "mean": 0.9469282833892478,
      "median": 0.9483895762863197,
      "min": 0.2482085854488649,
      "max": 0.9998175696822075,
      "frac_gt_0.999": 0.006944444444444444,
      "frac_gt_0.99": 0.21354166666666666
    },
    "layerbug": {
      "mean": 0.9955521613688365,
      "median": 0.9999656971371411,
      "min": 0.18234945390475607,
      "max": 0.9999997637712623,
      "frac_gt_0.999": 0.9427083333333334,
      "frac_gt_0.99": 0.9774305555555556
    }
  },
  "diagnostics": {
    "shift_test": {
      "cos_cpp_i_vs_correct_i": {
        "mean": 0.9469294996617073,
        "median": 0.948617337689163,
        "min": 0.2482085854488649,
        "max": 0.9998175696822075,
        "frac_gt_0.999": 0.006956521739130435,
        "frac_gt_0.99": 0.21391304347826087
      },
      "cos_cpp_i_vs_correct_i+1": {
        "mean": 0.4975105157118706,
        "median": 0.4645820449519846,
        "min": -0.2913033980235506,
        "max": 0.9949448904433298,
        "frac_gt_0.999": 0.0,
        "frac_gt_0.99": 0.08695652173913043
      },
      "shifted_wins_frac": 0.03304347826086956
    },
    "cls_row_cos_vs_clsbug": 0.03547429494064365,
    "cls_row_cos_vs_bothbugs": 0.03465913778971135,
    "cls_row_cos_vs_correct_patch575": 0.946228926725025
  },
  "extra": {
    "branch": "mtmd-fix-llava-cls-order",
    "commit": "ab81d8fc1",
    "build_dir": "build-fixA",
    "fa": "auto"
  },
  "verdict": {
    "best_matching_variant": "layerbug",
    "best_mean_cos": 0.9955521613688365,
    "second_best_variant": "correct",
    "second_best_mean_cos": 0.9469282833892478,
    "margin": 0.04862387797958867,
    "hypothesis_matched": true,
    "layer_bug_confirmed": true,
    "cls_bug_confirmed": false,
    "note": null
  }
}