{
  "tag_prefix": "p2_sweep",
  "table": [
    {
      "keep": 1.0,
      "K_image_tokens": 576,
      "n_prompt_tokens": 593,
      "encode_ms_mean": 742.8,
      "encode_ms_std": 31.68122472380132,
      "ttft_llm_ms_mean": 5407.444,
      "ttft_llm_ms_std": 89.07873781099534,
      "ttft_vlm_ms_mean": 6150.244,
      "ttft_vlm_ms_std": 113.23278469595309,
      "encoder_fraction_mean": 0.12074627309329869,
      "decode_tok_per_s_mean": 41.21135242486286,
      "max_rss_mib_mean": 10366.04375,
      "peak_footprint_mib_mean": 6659.192518615722,
      "kv_buffer_mib": 2048.0,
      "generated_text": "The image features two cats lying on a pink couch, both sleeping peacefully. One cat is located on the left side of the couch",
      "identical_output": true,
      "speedup_ttft_llm": 1.0,
      "speedup_ttft_vlm": 1.0,
      "theoretical_ttft_llm_ms": 5407.444,
      "fraction_of_theoretical_ceiling_h1": null
    },
    {
      "keep": 0.75,
      "K_image_tokens": 432,
      "n_prompt_tokens": 449,
      "encode_ms_mean": 693.2,
      "encode_ms_std": 5.848076606885378,
      "ttft_llm_ms_mean": 4096.008,
      "ttft_llm_ms_std": 54.50279460724906,
      "ttft_vlm_ms_mean": 4789.208,
      "ttft_vlm_ms_std": 57.333721490933875,
      "encoder_fraction_mean": 0.14475253872703067,
      "decode_tok_per_s_mean": 44.01872684084528,
      "max_rss_mib_mean": 10354.046875,
      "peak_footprint_mib_mean": 6622.458065795899,
      "kv_buffer_mib": 2048.0,
      "generated_text": "The image features two cats lying on a pink couch, both sleeping peacefully. One cat is located on the left side of the couch",
      "identical_output": true,
      "speedup_ttft_llm": 1.320174179347306,
      "speedup_ttft_vlm": 1.2841881162814395,
      "theoretical_ttft_llm_ms": 4094.3378684654303,
      "fraction_of_theoretical_ceiling_h1": 0.9987281062098022
    },
    {
      "keep": 0.5,
      "K_image_tokens": 288,
      "n_prompt_tokens": 305,
      "encode_ms_mean": 678.8,
      "encode_ms_std": 1.9235384061671346,
      "ttft_llm_ms_mean": 2953.51,
      "ttft_llm_ms_std": 2.2717064070869575,
      "ttft_vlm_ms_mean": 3632.31,
      "ttft_vlm_ms_std": 4.080520800094003,
      "encoder_fraction_mean": 0.1868780511013374,
      "decode_tok_per_s_mean": 45.382894053316114,
      "max_rss_mib_mean": 10320.934375,
      "peak_footprint_mib_mean": 6589.717395019531,
      "kv_buffer_mib": 2048.0,
      "generated_text": "The image features two cats lying on a pink couch, both sleeping peacefully. One cat is located on the left side of the couch",
      "identical_output": true,
      "speedup_ttft_llm": 1.8308534591045909,
      "speedup_ttft_vlm": 1.693204599827658,
      "theoretical_ttft_llm_ms": 2781.2317369308603,
      "fraction_of_theoretical_ceiling_h1": 0.9344004803070237
    },
    {
      "keep": 0.25,
      "K_image_tokens": 144,
      "n_prompt_tokens": 161,
      "encode_ms_mean": 670.0,
      "encode_ms_std": 3.082207001484488,
      "ttft_llm_ms_mean": 1883.532,
      "ttft_llm_ms_std": 4.130886103489194,
      "ttft_vlm_ms_mean": 2553.532,
      "ttft_vlm_ms_std": 7.199598599922077,
      "encoder_fraction_mean": 0.2623806291562026,
      "decode_tok_per_s_mean": 47.89868019489716,
      "max_rss_mib_mean": 10284.209375,
      "peak_footprint_mib_mean": 6552.739274597168,
      "kv_buffer_mib": 2048.0,
      "generated_text": "The image features two cats lying on a pink couch, both sleeping peacefully. One cat is located on the left side of the couch",
      "identical_output": true,
      "speedup_ttft_llm": 2.870906361028111,
      "speedup_ttft_vlm": 2.4085243498025477,
      "theoretical_ttft_llm_ms": 1468.1256053962902,
      "fraction_of_theoretical_ceiling_h1": 0.8945486622323405
    },
    {
      "keep": 0.1,
      "K_image_tokens": 58,
      "n_prompt_tokens": 75,
      "encode_ms_mean": 661.4,
      "encode_ms_std": 1.140175425099138,
      "ttft_llm_ms_mean": 1247.336,
      "ttft_llm_ms_std": 0.9249486472231991,
      "ttft_vlm_ms_mean": 1908.736,
      "ttft_vlm_ms_std": 1.1245132280236028,
      "encoder_fraction_mean": 0.3465119459098205,
      "decode_tok_per_s_mean": 49.65151725863802,
      "max_rss_mib_mean": 10262.321875,
      "peak_footprint_mib_mean": 6531.445561218262,
      "kv_buffer_mib": 2048.0,
      "generated_text": "The image features a couch with two cats lying on it. One cat is positioned on the left side of the couch, while the other cat",
      "identical_output": true,
      "speedup_ttft_llm": 4.335194366233317,
      "speedup_ttft_vlm": 3.222155394983905,
      "theoretical_ttft_llm_ms": 683.9094435075885,
      "fraction_of_theoretical_ceiling_h1": 0.8807192898127543
    },
    {
      "keep": 0.05,
      "K_image_tokens": 29,
      "n_prompt_tokens": 46,
      "encode_ms_mean": 660.4,
      "encode_ms_std": 2.6076809620810595,
      "ttft_llm_ms_mean": 1030.058,
      "ttft_llm_ms_std": 1.9380841055020832,
      "ttft_vlm_ms_mean": 1690.458,
      "ttft_vlm_ms_std": 4.4986853635256105,
      "encoder_fraction_mean": 0.3906623167983599,
      "decode_tok_per_s_mean": 50.02772350698429,
      "max_rss_mib_mean": 10256.9,
      "peak_footprint_mib_mean": 6525.508065795899,
      "kv_buffer_mib": 2048.0,
      "generated_text": "The image features a couch with two remote controls placed on it. One remote control is located on the left side of the couch, while the other is",
      "identical_output": true,
      "speedup_ttft_llm": 5.249650019707628,
      "speedup_ttft_vlm": 3.638211656249371,
      "theoretical_ttft_llm_ms": 419.46445868465435,
      "fraction_of_theoretical_ceiling_h1": 0.8775869996543069
    }
  ],
  "prune_overhead_fit": {
    "model": "encode_ms = A + B*K, fit over pruned cells only (keep<1.0)",
    "A_intercept_ms": 657.4359750344981,
    "B_slope_ms_per_token": 0.08056795460305888,
    "r_squared": 0.9917639267865284,
    "residuals_ms": [
      0.9586685769804717,
      -1.83954596017918,
      0.9622395026614186,
      -0.7089164014755625,
      0.6275542820130795
    ],
    "residual_max_abs_ms": 1.83954596017918,
    "residual_std_ms": 1.1068212576326324,
    "points_K": [
      432.0,
      288.0,
      144.0,
      58.0,
      29.0
    ],
    "points_encode_ms": [
      693.2,
      678.8,
      670.0,
      661.4,
      660.4
    ],
    "fitted_encode_ms_at_K576": 703.84311688586,
    "measured_encode_ms_at_keep1": 742.8,
    "scoring_selection_overhead_ms": -38.95688311413994,
    "note": "overhead = fit(K=576) - measured(keep=1.0); these differ only by the presence of the scoring/top-K/gather ops, so the difference isolates their cost. A negative value would mean the fit doesn't extrapolate cleanly to the unpruned case -- report as-is either way."
  },
  "bend_slopes_ttft_vlm_vs_keep": [
    {
      "between_keep": [
        1.0,
        0.75
      ],
      "d_ttft_vlm_ms_per_d_keep": 5444.144
    },
    {
      "between_keep": [
        0.75,
        0.5
      ],
      "d_ttft_vlm_ms_per_d_keep": 4627.591999999999
    },
    {
      "between_keep": [
        0.5,
        0.25
      ],
      "d_ttft_vlm_ms_per_d_keep": 4315.111999999999
    },
    {
      "between_keep": [
        0.25,
        0.1
      ],
      "d_ttft_vlm_ms_per_d_keep": 4298.64
    },
    {
      "between_keep": [
        0.1,
        0.05
      ],
      "d_ttft_vlm_ms_per_d_keep": 4365.56
    }
  ]
}