{
  "tag_prefix": "p2_sweep",
  "platform_tags": [
    "(unset)"
  ],
  "table": [
    {
      "keep": 1.0,
      "K_image_tokens": 576,
      "n_prompt_tokens": 593,
      "encode_ms_mean": 742.8,
      "encode_ms_std": 31.68122472380132,
      "ttft_llm_ms_mean": 5407.444,
      "ttft_llm_ms_std": 89.07873781099534,
      "ttft_vlm_ms_mean": 6150.244,
      "ttft_vlm_ms_std": 113.23278469595309,
      "ttft_vlm_ms_min": 6043.19,
      "ttft_vlm_ms_max": 6315.81,
      "encoder_fraction_mean": 0.12074627309329869,
      "decode_tok_per_s_mean": 41.21135242486286,
      "max_rss_mib_mean": 10366.04375,
      "peak_footprint_mib_mean": 6659.192518615722,
      "kv_buffer_mib": 2048.0,
      "generated_text": "The image features two cats lying on a pink couch, both sleeping peacefully. One cat is located on the left side of the couch",
      "identical_output": true,
      "speedup_ttft_llm": 1.0,
      "speedup_ttft_vlm": 1.0,
      "theoretical_ttft_llm_ms": 5407.444,
      "fraction_of_theoretical_ceiling_h1": null
    },
    {
      "keep": 0.75,
      "K_image_tokens": 432,
      "n_prompt_tokens": 449,
      "encode_ms_mean": 693.2,
      "encode_ms_std": 5.848076606885378,
      "ttft_llm_ms_mean": 4096.008,
      "ttft_llm_ms_std": 54.50279460724906,
      "ttft_vlm_ms_mean": 4789.208,
      "ttft_vlm_ms_std": 57.333721490933875,
      "ttft_vlm_ms_min": 4743.030000000001,
      "ttft_vlm_ms_max": 4857.95,
      "encoder_fraction_mean": 0.14475253872703067,
      "decode_tok_per_s_mean": 44.01872684084528,
      "max_rss_mib_mean": 10354.046875,
      "peak_footprint_mib_mean": 6622.458065795899,
      "kv_buffer_mib": 2048.0,
      "generated_text": "The image features two cats lying on a pink couch, both sleeping peacefully. One cat is located on the left side of the couch",
      "identical_output": true,
      "speedup_ttft_llm": 1.320174179347306,
      "speedup_ttft_vlm": 1.2841881162814395,
      "theoretical_ttft_llm_ms": 4094.3378684654303,
      "fraction_of_theoretical_ceiling_h1": 0.9987281062098022
    },
    {
      "keep": 0.5,
      "K_image_tokens": 288,
      "n_prompt_tokens": 305,
      "encode_ms_mean": 678.8,
      "encode_ms_std": 1.9235384061671346,
      "ttft_llm_ms_mean": 2953.51,
      "ttft_llm_ms_std": 2.2717064070869575,
      "ttft_vlm_ms_mean": 3632.31,
      "ttft_vlm_ms_std": 4.080520800094003,
      "ttft_vlm_ms_min": 3629.42,
      "ttft_vlm_ms_max": 3639.29,
      "encoder_fraction_mean": 0.1868780511013374,
      "decode_tok_per_s_mean": 45.382894053316114,
      "max_rss_mib_mean": 10320.934375,
      "peak_footprint_mib_mean": 6589.717395019531,
      "kv_buffer_mib": 2048.0,
      "generated_text": "The image features two cats lying on a pink couch, both sleeping peacefully. One cat is located on the left side of the couch",
      "identical_output": true,
      "speedup_ttft_llm": 1.8308534591045909,
      "speedup_ttft_vlm": 1.693204599827658,
      "theoretical_ttft_llm_ms": 2781.2317369308603,
      "fraction_of_theoretical_ceiling_h1": 0.9344004803070237
    },
    {
      "keep": 0.25,
      "K_image_tokens": 144,
      "n_prompt_tokens": 161,
      "encode_ms_mean": 670.0,
      "encode_ms_std": 3.082207001484488,
      "ttft_llm_ms_mean": 1883.532,
      "ttft_llm_ms_std": 4.130886103489194,
      "ttft_vlm_ms_mean": 2553.532,
      "ttft_vlm_ms_std": 7.199598599922077,
      "ttft_vlm_ms_min": 2548.05,
      "ttft_vlm_ms_max": 2565.05,
      "encoder_fraction_mean": 0.2623806291562026,
      "decode_tok_per_s_mean": 47.89868019489716,
      "max_rss_mib_mean": 10284.209375,
      "peak_footprint_mib_mean": 6552.739274597168,
      "kv_buffer_mib": 2048.0,
      "generated_text": "The image features two cats lying on a pink couch, both sleeping peacefully. One cat is located on the left side of the couch",
      "identical_output": true,
      "speedup_ttft_llm": 2.870906361028111,
      "speedup_ttft_vlm": 2.4085243498025477,
      "theoretical_ttft_llm_ms": 1468.1256053962902,
      "fraction_of_theoretical_ceiling_h1": 0.8945486622323405
    },
    {
      "keep": 0.1,
      "K_image_tokens": 58,
      "n_prompt_tokens": 75,
      "encode_ms_mean": 661.4,
      "encode_ms_std": 1.140175425099138,
      "ttft_llm_ms_mean": 1247.336,
      "ttft_llm_ms_std": 0.9249486472231991,
      "ttft_vlm_ms_mean": 1908.736,
      "ttft_vlm_ms_std": 1.1245132280236028,
      "ttft_vlm_ms_min": 1907.08,
      "ttft_vlm_ms_max": 1909.84,
      "encoder_fraction_mean": 0.3465119459098205,
      "decode_tok_per_s_mean": 49.65151725863802,
      "max_rss_mib_mean": 10262.321875,
      "peak_footprint_mib_mean": 6531.445561218262,
      "kv_buffer_mib": 2048.0,
      "generated_text": "The image features a couch with two cats lying on it. One cat is positioned on the left side of the couch, while the other cat",
      "identical_output": true,
      "speedup_ttft_llm": 4.335194366233317,
      "speedup_ttft_vlm": 3.222155394983905,
      "theoretical_ttft_llm_ms": 683.9094435075885,
      "fraction_of_theoretical_ceiling_h1": 0.8807192898127543
    },
    {
      "keep": 0.05,
      "K_image_tokens": 29,
      "n_prompt_tokens": 46,
      "encode_ms_mean": 660.4,
      "encode_ms_std": 2.6076809620810595,
      "ttft_llm_ms_mean": 1030.058,
      "ttft_llm_ms_std": 1.9380841055020832,
      "ttft_vlm_ms_mean": 1690.458,
      "ttft_vlm_ms_std": 4.4986853635256105,
      "ttft_vlm_ms_min": 1687.16,
      "ttft_vlm_ms_max": 1698.3,
      "encoder_fraction_mean": 0.3906623167983599,
      "decode_tok_per_s_mean": 50.02772350698429,
      "max_rss_mib_mean": 10256.9,
      "peak_footprint_mib_mean": 6525.508065795899,
      "kv_buffer_mib": 2048.0,
      "generated_text": "The image features a couch with two remote controls placed on it. One remote control is located on the left side of the couch, while the other is",
      "identical_output": true,
      "speedup_ttft_llm": 5.249650019707628,
      "speedup_ttft_vlm": 3.638211656249371,
      "theoretical_ttft_llm_ms": 419.46445868465435,
      "fraction_of_theoretical_ceiling_h1": 0.8775869996543069
    },
    {
      "keep": 0.03,
      "K_image_tokens": 17,
      "n_prompt_tokens": 34,
      "encode_ms_mean": 869.4,
      "encode_ms_std": 116.71460919696386,
      "ttft_llm_ms_mean": 1696.596,
      "ttft_llm_ms_std": 357.7758338401296,
      "ttft_vlm_ms_mean": 2565.996,
      "ttft_vlm_ms_std": 447.7527233641355,
      "ttft_vlm_ms_min": 1820.35,
      "ttft_vlm_ms_max": 2955.95,
      "encoder_fraction_mean": 0.34275194675148907,
      "decode_tok_per_s_mean": 48.92121395884312,
      "max_rss_mib_mean": 9068.696875,
      "peak_footprint_mib_mean": 6529.6519027709965,
      "kv_buffer_mib": 2048.0,
      "generated_text": "The image features two remote controls placed side by side, with one remote being a TV remote and the other being a video game remote. The TV remote is located",
      "identical_output": true,
      "speedup_ttft_llm": 3.1872313738804054,
      "speedup_ttft_vlm": 2.3968252483635983,
      "theoretical_ttft_llm_ms": 310.0389477234402,
      "fraction_of_theoretical_ceiling_h1": 0.7279876646927819
    },
    {
      "keep": 0.02,
      "K_image_tokens": 12,
      "n_prompt_tokens": 29,
      "encode_ms_mean": 728.0,
      "encode_ms_std": 65.19202405202648,
      "ttft_llm_ms_mean": 1296.3400000000001,
      "ttft_llm_ms_std": 260.6648209866456,
      "ttft_vlm_ms_mean": 2024.3400000000001,
      "ttft_vlm_ms_std": 307.4339342037571,
      "ttft_vlm_ms_min": 1630.46,
      "ttft_vlm_ms_max": 2352.17,
      "encoder_fraction_mean": 0.363534850015118,
      "decode_tok_per_s_mean": 48.7346189028386,
      "max_rss_mib_mean": 9018.315625,
      "peak_footprint_mib_mean": 6525.736264038086,
      "kv_buffer_mib": 2048.0,
      "generated_text": "The image features two cats sitting on a couch, each with a remote control in their paws. The cats are positioned close to each other",
      "identical_output": true,